,Cohort,Total # of Active Students,Total # of Activities completed,Proportion of Activites to Students,# of Service Activities completed,% completed (Service),# of Civ-Mil Activities completed,% completed (Civ-Mil),# of Culture Activities completed,% completed (Culture),Level I (%),Level II (%),% difference between Level I and Level II,Level III (%),% difference between Level I and Level III,Level IV (%),% difference between Level I and Level IV,Level V (%),% difference between Level I and Level V
0,All,489,1722,3.52,901,52.300000000000004,455,26.400000000000002,464,26.900000000000002,0,0,0,0,0,0,0,0,0
1,2,101,280,2.77,189,67.5,97,34.599999999999994,100,35.699999999999996,0,0,0,0,0,0,0,0,0
2,3,96,338,3.52,177,52.400000000000006,90,26.6,95,28.1,0,0,0,0,0,0,0,0,0
3,4,114,436,3.82,210,48.199999999999996,107,24.5,106,24.3,0,0,0,0,0,0,0,0,0
4,5,135,514,3.81,245,47.699999999999996,124,24.099999999999998,123,23.9,0,0,0,0,0,0,0,0,0
5,T2,17,51,3.0,29,56.89999999999999,14,27.500000000000004,16,31.4,0,0,0,0,0,0,0,0,0
6,T3,25,103,4.12,49,47.599999999999994,22,21.4,23,22.3,0,0,0,0,0,0,0,0,0
